ID,kdrama_name
1,100 Days My Prince
2,12 Signs of Love
3,12 Years Promise
4,18 Again
5,365: Repeat the Year
6,4 Legendary Witches
7,5th Republic
8,7 First Kisses
9,7th Grade Civil Servant
10,#Alive
11,A Beautiful Mind
12,A Bird That Doesn't Sing
13,A Daughter Just Like You
14,A Gentleman's Dignity
15,A Girl Who Sees Smells
16,A Happy Woman
17,A Hundred Year Legacy
18,A Korean Odyssey
19,A Little Love Never Hurts
20,A Love So Beautiful
21,A Model Family
22,A New Leaf
23,A Piece of Your Mind
24,A Place in the Sun
25,A Pledge to God
26,A Poem a Day
27,A Superior Day
28,A Tale of Two Sisters
29,A Thousand Days' Promise
30,A Thousand Kisses
31,A Time Called You
32,A Witch's Love
33,A-Teen 2
34,About Time
35,Abyss
36,Ad Genius Lee Tae-baek
37,Adamas
38,Adult Trainee
39,"Aeja's Older Sister, Minja"
40,Aftermath
41,Again My Life
42,Age of Warriors
43,Air City
44,Alchemy of Souls
45,Alice
46,All About My Mom
47,All About My Romance
48,All In
49,All of Us Are Dead
50,Alone in Love
51,Amanza
52,Amor Fati
53,Andante
54,Ang Shim Jung
55,Angel Eyes
56,Angel's Choice
57,Angel's Last Mission: Love
58,Angel's Revenge
59,Angry Mom
60,Anna
61,Another Miss Oh
62,Another Peaceful Day of Second-Hand Items
63,Apgujeong Midnight Sun
64,April Kiss
65,Arang and the Magistrate
66,Are You Human?
67,Argon
68,Arthdal Chronicles
69,Artificial City
70,Ask the Stars
71,Asphalt Man
72,Assembly
73,At Eighteen
74,"At a Distance, Spring Is Green"
75,Autumn Shower
76,Avengers Social Club
77,Awaken
78,Babel
79,Baby Faced Beauty
80,Babysitter
81,Bachelor's Vegetable Store
82,Backstreet Rookie
83,Bad and Crazy
84,Bad Guy
85,Bad Guys
86,Bad Guys 2
87,Bad Housewife
88,Bad Papa
89,"Bad Thief, Good Thief"
90,"Bad Woman, Good Woman"
91,Ballad of Seodong
92,Band of Sisters
93,Banjun Drama
94,Basketball
95,Be Melodramatic
96,Be My Dream Family
97,Be Positive
98,"Be Strong, Geum-soon!"
99,Beating Again
100,Beating Heart
101,Beautiful Days
102,Beautiful Gong Shim
103,"Beautiful Love, Wonderful Life"
104,Beautiful World
105,Because This Is My First Life
106,Becky's Back
107,Becoming Witch
108,Behind the White Tower
109,Bel Ami
110,Best Chicken
111,Beyond Evil
112,Beyond the Clouds
113,Big
114,Big Issue
115,Big Man
116,Big Mouth
117,"Billie Jean, Look at Me"
118,Birdie Buddy
119,Birth of a Beauty
120,Birthcare Center
121,Bizarre Bunch
122,Black
123,Black Dog: Being A Teacher
124,Black Knight
125,Black Knight: The Man Who Guards Me
126,Blade Man
127,Blessing of the Sea
128,Blind
129,Blood
130,Blooded Palace: The War of Flowers
131,Bloody Heart
132,Bloody Romance
133,Blossom Sisters
134,Blow Breeze
135,Blue Birthday
136,Bodyguard
137,Born Again
138,Bossam: Steal the Fate
139,Boys Over Flowers
140,Brain
141,Bravo My Life
142,"Bravo, My Life"
143,"Bravo, My Love!"
144,Bridal Mask
145,Bride of the Century
146,Bride of the Sun
147,Brilliant Heritage
148,Brilliant Legacy
149,"Bring It On, Ghost"
150,Bubble Gum
151,Bubbly Lovely
152,Bulgasal: Immortal Souls
153,Business Proposal
154,Café Minamdang
155,Call My Agent!
156,"Can We Fall in Love, Again?"
157,Can We Get Married?
158,Can't Lose
159,Can't Stand Anymore
160,Capital Scandal
161,Casino
162,Catch the Ghost
163,Cheat on Me If You Can
164,Cheer Up
165,Cheer Up!
166,"Cheer Up, Mr. Kim!"
167,Cheese in the Trap
168,Cheongdam-dong Alice
169,Cheongdam-dong Scandal
170,Cheo Yong
171,Chicago Typewriter
172,Chief of Staff
173,Children of a Lesser God
174,Children of Nobody
175,Children of the 20th Century
176,Chimera
177,Chip In
178,Choco Bank
179,Chocolate
180,Chunja's Special Day
181,Cinderella with Four Knights
182,Circle
183,City Hunter
184,City of the Sun
185,Class of Lies
186,Clean with Passion for Now
187,Cleaning Up
188,Coffee Prince
189,"Coffee, Do Me a Favor"
190,Color Rush
191,Coma
192,Come and Hug Me
193,Come Back Mister
194,Confession
195,Connect
196,Conspiracy in the Court
197,"Cool Guys, Hot Ramen"
198,Couple or Trouble
199,Crash Landing on You
200,Crazy Love
201,Criminal Minds
202,Cross
203,Cruel Love
204,Cunning Single Lady
205,Curtain Call
206,D.P.
207,Dae Jang Geum
208,Dae Jang Geum Is Watching
209,Dae Jo-yeong
210,Daemyeong
211,Dal-ja's Spring
212,Dali and Cocky Prince
213,Damo
214,Dangerous Woman
215,Daring Women
216,Dark Hole
217,Dating Agency: Cyrano
218,Dear Heaven
219,Dear My Friends
220,Dear X Who Doesn't Love Me
221,Dear. M
222,Deep Rooted Tree
223,Definitely Neighbors
224,Delayed Justice
225,Delicious Proposal
226,Delivery
227,Descendants of the Sun
228,Designated Survivor: 60 Days
229,Devilish Charm
230,Diary of a Night Watchman
231,Diary of a Prosecutor
232,Did We Really Love?
233,Different Dreams
234,Dinner Mate
235,Discovery of Love
236,Distorted
237,Divorce Lawyer in Love
238,Do Do Sol Sol La La Sol
239,Do You Like Brahms?
240,Doctor Detective
241,Doctor John
242,Doctor Lawyer
243,Doctor Prisoner
244,Doctor Stranger
245,Dokgo Rewind
246,Don't Cry My Love
247,Don't Dare to Dream
248,Don't Hesitate
249,Don't Look Back: The Legend of Orpheus
250,Doom at Your Service
251,White Christmas
252,Dream
253,Dream High
254,Dream High 2
255,Dream of the Emperor
256,Drinking Solo
257,Dr. Brain
258,Dr. Frost
259,Dr. Ian
260,Dr. Jin
261,Dr. Kkang
262,Dr. Park's Clinic
263,Dr. Romantic
264,Duel
265,Dummy Mommy
266,Eccentric! Chef Moon
267,"Eight Days, Assassination Attempts against King Jeongjo"
268,Emergency Couple
269,Emperor of the Sea
270,Empire of Gold
271,Empress Ki
272,Empress Myeongseong
273,Enchanting Neighbor
274,Encounter
275,Endless Love
276,Summer Scent
277,Enemies from the Past
278,Entertainer
279,Entourage
280,Erexion
281,Eve
282,Evergreen
283,Everybody Say Kimchi
284,Exo Next Door
285,Extracurricular
286,Extraordinary Attorney Woo
287,Extraordinary You
288,Ex-Girlfriends' Club
289,Eyes of Dawn
290,Faith
291,Falling for Challenge
292,Familiar Wife
293,Family
294,Family Secret
295,Family's Honor
296,Fantastic
297,Fashion 70s
298,Fashion King
299,Fatal Promise
300,Fates & Furies
301,"Father, I'll Take Care of You"
302,Father's House
303,Feast of the Gods
304,Feel Good to Die
305,Fight for My Way
306,Find Me in Your Memory
307,Fireworks
308,First Love
309,First Love Again
310,First Wives' Club
311,Five Enough
312,Five Fingers
313,Flower Band
314,Flower Crew: Joseon Marriage Agency
315,Flower Grandpa Investigation Unit
316,Flower of Evil
317,Flower of Queen
318,Flower of Revenge
319,Flowers of the Prison
320,Fly High Butterfly
321,Forecasting Love and Weather
322,Forest
323,Forever Young
324,Foundation of the Kingdom
325,Four Sisters
326,"Freedom Fighter, Lee Hoe-young"
327,Freeze
328,"From Now On, Showtime!"
329,Full House Take 2
330,Gangnam Beauty
331,Gangnam Scandal
332,Gap-dong
333,Get Revenge
334,Get Up
335,Ghost Doctor
336,Girls' Generation 1979
337,Glamorous Temptation
338,Glass Castle
339,Glass Mask
340,Glass Slippers
341,Glitch
342,Gloria
343,Glorious Day
344,Glory Jane
345,Go Back
346,God of War
347,Goddess of Fire
348,Goddess of Marriage
349,God's Gift: 14 Days
350,"Gogh, The Starry Night"
351,Gold Mask
352,Golden Apple
353,Golden Bride
354,Golden Cross
355,Golden Fish
356,Golden Pouch
357,Golden Rainbow
358,Golden Spoon
359,Golden Time
360,Good Casting
361,Good Doctor
362,"Good Job, Good Job"
363,Good Manager
364,Goodbye Dear Wife
365,Goodbye Mr. Black
366,Goodbye My Love
367,Goodbye Solo
368,Goodbye to Goodbye
369,Graceful Family
370,Graceful Friends
371,Gracious Revenge
372,Grand Prince
373,Green Mothers' Club
374,Grid
375,Gu Family Book
376,Guardian Angel
377,Guardian: The Lonely and Great God
378,Gunman in Joseon
379,"Gwanggaeto, The Great Conqueror"
380,Gyebaek
381,Haechi
382,Happiness
383,Happy Ending
384,Happy Home
385,Happy Sisters
386,Happy Together
387,He Is Psychometric
388,Healer
389,Heard It Through the Grapevine
390,Heart Surgeons
391,Heart to Heart
392,Heartless City
393,Heartstrings
394,Hell Is Other People
395,Hellbound
396,Hello Franceska
397,Hello Monster
398,"Hello, Me!"
399,"Hello, My Twenties!"
400,Her Private Life
401,Here Comes Mr. Oh
402,Here's My Plan
403,Hero
404,"Hi Bye, Mama!"
405,Hi! School: Love On
406,Hidden Identity
407,Hide and Seek
408,High Class
409,High End Crush
410,High Kick!
411,High Kick: Revenge of the Short Legged
412,High School King of Savvy
413,High Society
414,History of a Salaryman
415,Hit the Top
416,Hogu's Love
417,Hold Me Tight
418,Hold My Hand
419,Home for Summer
420,Homemade Love Story
421,Hometown
422,Hometown Cha-Cha-Cha
423,Hong Kong Express
424,Hospital Playlist
425,Hospital Ship
426,Hot Stove League
427,Hotel del Luna
428,Hotel King
429,Hotelier
430,House of Bluebird
431,How Are U Bread
432,How Long I've Kissed
433,How to Be Thirty
434,How to Buy a Friend
435,How to Meet a Perfect Neighbor
436,How Should I Be
437,Hur Jun
438,"Hur Jun, The Original Story"
439,Hush
440,Hwarang: The Poet Warrior Youth
441,"Hyde Jekyll, Me"
442,Hyena
443,I Can Hear Your Voice
444,"I Do, I Do"
445,I Have a Lover
446,I Like You
447,I Love Lee Taly
448,I Need Romance
449,I Need Romance 2012
450,I Need Romance 3
451,I Order You
452,I Picked Up a Celebrity on the Street
453,I Wanna Hear Your Song
454,I'm After You
455,I'm Not a Robot
456,"I'm Sorry, But I Love You"
457,"I'm Sorry, I Love You"
458,Ice Adonis
459,Idol Drama Operation Team
460,Idol: The Coup
461,If Tomorrow Comes
462,If You Wish Upon Me
463,Iljimae
464,Imaginary Cat
465,Imitation
466,Immortal Admiral Yi Sun-sin
467,In-soon Is Pretty
468,Incarnation of Money
469,Innocent Defendant
470,Insider
471,Inspector Koo
472,Inspiring Generation
473,"Insu, the Queen Mother"
474,Into the Flames
475,Introverted Boss
476,Ireland
477,Iris
478,Iris II: New Generation
479,Island
480,Itaewon Class
481,Item
482,It's Beautiful Now
483,It's My Life
484,It's Okay to Not Be Okay
485,"It's Okay, That's Love"
486,Jang Bo-ri Is Here!
487,"Jang Ok-jung, Living by Love"
488,Jeong Do-jeon
489,Ji Woon-soo's Stroke of Luck
490,Jinxed at First
491,Jirisan
492,Jolly Widows
493,Joseon Exorcist
494,Joseon Survival Period
495,JTBC Drama Festa
496,Judge vs. Judge
497,Jugglers
498,Jump
499,Jungle Fish
500,Just Dance
501,Justice
502,Juvenile Justice
503,Kairos
504,My Prettiest Moments
505,A Sea of Her Own
506,Dal Soon's Spring
507,Dear My Sister
508,Eunhui
509,In Still Green Days
510,Land of Gold
511,My Mind's Flower Rain
512,Samsaengi
513,Single-minded Dandelion
514,Sunok
515,That Sun in the Sky
516,The Stars Are Shining
517,Kill Heel
518,Kill It
519,"Kill Me, Heal Me"
520,Kim Is a Genius
521,Kimchi Cheese Smile
522,Kimchi Family
523,King of Ambition
524,Kingdom
525,Kingmaker: The Change of Destiny
526,Kiss Sixth Sense
527,Kkondae Intern
528,Korean Peninsula
529,L.U.C.A.: The Beginning
530,Lady Cha Dal-rae's Lover
531,Land of Wine
532,Last
533,Late Night Restaurant
534,Law School
535,Lawless Lawyer
536,Lawyers
537,Left-Handed Wife
538,Legal High
539,Legend of Hyang Dan
540,Less Than Evil
541,Let Me Be Your Knight
542,Let Me Introduce Her
543,Let's Eat
544,Let's Eat 2
545,Let's Eat 3
546,Level Up
547,Leverage
548,Liar Game
549,Lie After Lie
550,Lie to Me
551,Life
552,Life Is Beautiful
553,Life on Mars
554,Lights and Shadows
555,Light on Me
556,Likeable or Not
557,"Link: Eat, Love, Kill"
558,Listen to Love
559,Listen to My Heart
560,Little Women
561,Live
562,Live On
563,Live Up to Your Name
564,Liver or Die
565,Living Among the Rich
566,Living in Style
567,Lobbyist
568,Local Hero
569,Look Back in Anger
570,Loss Time Life
571,Lost
572,Love & Secret
573,Love (ft. Marriage and Divorce)
574,Love Again
575,Love Alarm
576,Love Alert
577,Love All Play
578,Love and Obsession
579,Love Can't Wait
580,Love for a Thousand More
581,Love in 3 Colors
582,Love in Her Bag
583,Love in Sadness
584,Love in the Moonlight
585,Love Me When You Can
586,Love on a Rooftop
587,Love Playlist
588,Love Rain
589,Love Returns
590,Love Revolution
591,Love Scene Number
592,Love to Hate You
593,Love to the End
594,Love Twist
595,Love with Flaws
596,Loveholic
597,Lovely Horribly
598,Lovers
599,Lovers in Bloom
600,Lovers in Paris
601,Lovers in Prague
602,Lovers of Haeundae
603,Lovers of Music
604,Lovers of the Red Sky
605,Lovestruck in the City
606,Lucky Romance
607,Ma Boy
608,Mad Dog
609,Madame Antoine: The Love Therapist
610,Magic Cellphone
611,Magic Kid Masuri
612,Make a Woman Cry
613,Make Your Wish
614,Mama
615,Man from the Equator
616,Man in a Veil
617,Man in the Kitchen
618,Man to Man
619,Man Who Dies to Live
620,Manhole
621,Manny
622,Marriage Contract
623,"Marriage, Not Dating"
624,Marry Him If You Dare
625,Marry Me Now
626,Marrying a Millionaire
627,Marrying My Daughter Twice
628,Mask
629,Master's Sun
630,Matrimonial Chaos
631,May Queen
632,"Me Too, Flower!"
633,Medical Top Team
634,Melancholia
635,Melody of Love
636,Meloholic
637,Melting Me Softly
638,Memories of the Alhambra
639,Memorials
640,Memorist
641,Memory
642,Men Are Men
643,Mental Coach Je Gal-gil
644,Merry Mary
645,Military Prosecutor Doberman
646,Mimi
647,Mina
648,Mine
649,Misaeng: Incomplete Life
650,Miss Ajumma
651,Miss Korea
652,Miss Lee
653,Miss Mamma Mia
654,Miss Mermaid
655,Miss Monte-Cristo
656,Miss Panda and Mr. Hedgehog
657,Miss Ripley
658,Missing 9
659,Missing You
660,Missing: The Other Side
661,Mistress
662,Misty
663,Model
664,Modern Farmer
665,Mom Has an Affair
666,Mom's Dead Upset
667,Money Flower
668,Money Game
669,Money Heist: Korea – Joint Economic Area
670,Monstar
671,Monster
672,Monstrous
673,Monthly Magazine Home
674,Moon Embracing the Sun
675,Moon Lovers: Scarlet Heart Ryeo
676,Moonshine
677,Moorim School: Saga of the Brave
678,More Than a Maid
679,More Than Friends
680,Mother of Mine
681,Mother's Garden
682,Mouse
683,Move to Heaven
684,Moving
685,Mr. Back
686,Mr. Duke
687,Mr. Queen
688,Mr. Sunshine
689,Mrs. Cop
690,Mrs. Cop 2
691,Ms. Hammurabi
692,"Ms. Ma, Nemesis"
693,Ms. Perfect
694,My Absolute Boyfriend
695,My Beautiful Bride
696,My Beloved Sister
697,"My Contracted Husband, Mr. Oh"
698,My Country: The New Age
699,My Dangerous Wife
700,My Daughter the Flower
701,"My Daughter, Geum Sa-wol"
702,My Dear Cat
703,My Fair Lady
704,My Father Is Strange
705,My Fellow Citizens!
706,My First First Love
707,My First Love
708,My First Time
709,My Golden Life
710,My Healing Love
711,My Heart Twinkle Twinkle
712,My Holo Love
713,My Horrible Boss
714,My Husband Got a Family
715,My Husband's Woman
716,My Kids Give Me a Headache
717,"My Lawyer, Mr. Jo"
718,"My Lawyer, Mr. Jo 2: Crime and Punishment"
719,My Liberation Notes
720,My Little Baby
721,My Love By My Side
722,My Love from the Star
723,My Love Patzzi
724,My Lovely Girl
725,My Mister
726,My Mother Is a Daughter-in-law
727,My Name
728,My Only Love Song
729,My Only One
730,My Roommate Is a Gumiho
731,My Rosy Life
732,My Runway
733,My Sassy Girl
734,My Secret Hotel
735,My Secret Romance
736,My Secret Terrius
737,My Spring Days
738,My Strange Hero
739,My Too Perfect Sons
740,My Unfamiliar Family
741,My Unfortunate Boyfriend
742,Mysterious Personal Shopper
743,Mystic Pop-up Bar
744,Naeil's Cantabile
745,Naked Fireman
746,Navillera
747,Never Twice
748,Nevertheless
749,New Heart
750,Nice Witch
751,Night Light
752,Nine
753,No Matter What
754,"No, Thank You"
755,"Noble, My Love"
756,Nobody Knows
757,Nokdu Flower
758,Nonstop
759,"Now, We Are Breaking Up"
760,Oh Feel Young
761,Oh My Baby
762,Oh My Ghost
763,Oh My Ladylord
764,Oh My Venus
765,Oh! My Lady
766,"Oh, the Mysterious"
767,Ohlala Couple
768,Ojakgyo Family
769,On Air
770,On the Verge of Insanity
771,On the Way to the Airport
772,Once Again
773,One Fine Day
774,One More Happy Ending
775,One More Time
776,One Ordinary Day
777,One Spring Night
778,One Sunny Day
779,One the Woman
780,One Thousand Won Lawyer
781,One Warm Word
782,One Well-Raised Daughter
783,Only Love
784,Only You
785,Operation Proposal
786,Orange Marmalade
787,Our Beloved Summer
788,Our Blues
789,Our Gap-soon
790,Over the Rainbow
791,Pachinko
792,Padam Padam
793,Papa
794,Partners for Justice
795,Passionate Love
796,Pegasus Market
797,Perfume
798,Persona
799,Phantom
800,Phoenix
801,Phoenix 2020
802,Piano
803,Pied Piper
804,Pink Lipstick
805,Pinocchio
806,Player
807,"Please Come Back, Soon-ae"
808,Please Don't Date Him
809,Plus Nine Boys
810,Police University
811,"Poong, the Joseon Psychiatrist"
812,Poseidon
813,Possessed
814,Potato Star 2013QR3
815,Pots of Gold
816,Precious Family
817,Pride and Prejudice
818,Priest
819,Prime Minister & I
820,Princess Aurora
821,Princess Hours
822,Prison Playbook
823,Private Lives
824,Protect the Boss
825,Psychopath Diary
826,Punch
827,Pure Love
828,Pure Pumpkin Flower
829,Que Sera Sera
830,Queen and I
831,Queen for Seven Days
832,Queen of Mystery
833,Queen of Mystery 2
834,Queen: Love and War
835,Quiz of God
836,Racket Boys
837,Radiant Office
838,Radio Romance
839,Rain or Shine
840,Record of Youth
841,Red Shoes
842,Reflection of You
843,Remarriage & Desires
844,Remember
845,Replay: The Moment
846,Reply Series
847,Reply 1988
848,Reply 1994
849,Reply 1997
850,Reset
851,Resurrection
852,Return
853,Reunited Worlds
854,Reverse
855,Revolutionary Love
856,Revolutionary Sisters
857,Rich Man
858,Righteous Love
859,Risky Romance
860,River Where the Moon Rises
861,Robber
862,Romance
863,Romance Is a Bonus Book
864,Romance Town
865,Rooftop Prince
866,Rookie Historian Goo Hae-ryung
867,Rookie Cops
868,Room No. 9
869,Rose Mansion
870,Rosy Lovers
871,Royal Secret Agent
872,Ruby Ring
873,Ruby Ruby Love
874,Rugal
875,Ruler of Your Own World
876,Run On
877,"Run, Jang-mi"
878,Rustic Period
879,Sad Love Story
880,"Saimdang, Memoir of Colors"
881,Salamander Guru and The Shadows
882,Salut D'Amour
883,Sandglass
884,Save Me
885,Save Me 2
886,Save the Family
887,Save the Last Dance for Me
888,Say It with Your Eyes
889,Scent of a Woman
890,School 2013
891,School 2017
892,School 2021
893,Who Are You: School 2015
894,Schoolgirl Detectives
895,Search
896,Search: WWW
897,Second 20s
898,Second to Last Love
899,Secret
900,Secret Affair
901,Secret Boutique
902,Secret Door
903,Secret Healer
904,Secret Love
905,Secret Mother
906,Secret Royal Inspector & Joy
907,Secrets and Lies
908,Secrets of Women
909,Sell Your Haunted House
910,Semantic Error
911,Seoul 1945
912,"Seoyoung, My Daughter"
913,She Knows Everything
914,She Was Pretty
915,She Would Never Know
916,Shine or Go Crazy
917,Shining Romance
918,Shopping King Louie
919,Short
920,Should We Kiss First?
921,Show Window: The Queen's House
922,Sh**ting Stars
923,Signal
924,Sin Don
925,Single Dad in Love
926,Sisters of the Sea
927,Sisyphus: The Myth
928,Six Flying Dragons
929,Sketch
930,Sky Castle
931,Smile Again
932,"Smile, Mom"
933,Snow Flower
934,Snowdrop
935,So I Married the Anti-fan
936,So Not Worth It
937,Solomon's Perjury
938,Somebody
939,Someday
940,Something About 1%
941,Something About 1 Percent
942,Something About Us
943,Something Happened in Bali
944,Something in the Rain
945,Songgot: The Piercer
946,Soul Mechanic
947,Soundtrack 1
948,Special Affairs Team TEN
949,Special Labor Inspector
950,Splendid Politics
951,Sponsor
952,Spotlight
953,Spring Day
954,Spring Turns to Spring
955,Spy
956,Spy Myung-wol
957,Squad 38
958,Squid Game
959,Stained Glass
960,Standby
961,Star in My Heart
962,Stars Falling from the Sky
963,Start-Up
964,Star's Echo
965,Star's Lover
966,Steal Heart
967,Still 17
968,Still You
969,Stranger
970,Strong Girl Bong-soon
971,Strongest Deliveryman
972,Suits
973,Sunlight Pours Down
974,Sunny Again Tomorrow
975,Super Daddy Yeol
976,Super Rookie
977,Surgeon Bong Dal-hee
978,Suspicious Partner
979,Sweden Laundry
980,Sweet Buns
981,Sweet Enemy
982,Sweet Home
983,"Sweet Home, Sweet Honey"
984,Sweet Munchies
985,Sweet Revenge
986,Sweet Revenge 2
987,Sweet Spy
988,Sweet Stranger and Me
989,"Sweet, Savage Family"
990,Switch
991,Syndrome
992,Taejo Wang Geon
993,"Take Care of Us, Captain"
994,Tale of Fairy
995,Tale of the Nine Tailed
996,Tasty Life
997,Taxi Driver
998,Tazza
999,Team Bulldog: Off-Duty Investigation
1000,Tears of Heaven
1001,Tears of the Dragon
1002,Tell Me What You Saw
1003,Temperature of Love
1004,Temptation
1005,Temptation of Wife
1006,Tempted
1007,Terroir
1008,Thank You
1009,"That Winter, the Wind Blows"
1010,The Accidental Narco
1011,The All-Round Wife
1012,The Banker
1013,The Beauty Inside
1014,The Birth of a Family
1015,The Blade and Petal
1016,The Bride of Habaek
1017,The Chaser
1018,The Clinic for Married Couples: Love and War
1019,The Cursed
1020,The Crowned Clown
1021,The Dawn of the Empire
1022,The Devil
1023,The Devil Judge
1024,The Doctors
1025,The Eldest
1026,The Emperor: Owner of the Mask
1027,The Empire of Law
1028,The End of the World
1029,The Family is Coming
1030,The Fiery Priest
1031,The Forbidden Marriage
1032,The Fugitive of Joseon
1033,The Game: Towards Zero
1034,The Gentlemen of Wolgyesu Tailor Shop
1035,The Ghost Detective
1036,The Good Detective
1037,The Good Wife
1038,"The Great King, Sejong"
1039,The Great Merchant
1040,The Great Seer
1041,The Great Shaman Ga Doo-shim
1042,The Great Show
1043,The Greatest Love
1044,The Greatest Marriage
1045,The Guardians
1046,The Guest
1047,The Heirs
1048,The Hymn of Death
1049,The Idle Mermaid
1050,The Idolmaster KR
1051,The Innocent Man
1052,The Jingbirok: A Memoir of Imjin War
1053,The K2
1054,The Killer's Shopping List
1055,The King 2 Hearts
1056,The King and I
1057,The King and the Queen
1058,The King in Love
1059,The King of Chudong Palace
1060,The King of Dramas
1061,The King of Pigs
1062,"The King of Tears, Lee Bang-won"
1063,The King: Eternal Monarch
1064,The King's Affection
1065,"The King's Daughter, Soo Baek-hyang"
1066,The King's Doctor
1067,The King's Face
1068,The Lady in Dignity
1069,The Last Empress
1070,The Last Match
1071,The Law Cafe
1072,The Legend of the Blue Sea
1073,The Liar and His Lover
1074,The Lies Within
1075,The Light in Your Eyes
1076,The Lover
1077,The Man in the Mask
1078,The Master of Revenge
1079,The Merchant
1080,The Merchant: Gaekju 2015
1081,The Miracle
1082,The Miracle We Met
1083,The Most Beautiful Goodbye
1084,The Musical
1085,The Mysterious Class
1086,The Noblesse
1087,The One and Only
1088,The Package
1089,The Penthouse: War in Life
1090,The Police Station Next to the Fire Station
1091,The Princess' Man
1092,The Producers
1093,The Promise
1094,The Queen of Office
1095,The Queen's Classroom
1096,The Rebel
1097,The Red Sleeve
1098,The Reputable Family
1099,The Return of Hwang Geum-bok
1100,The Rich Son
1101,The Road Home
1102,The Road: The Tragedy of One
1103,The Royal Gambler
1104,The Running Mates: Human Rights
1105,The Scandal
1106,The Scholar Who Walks the Night
1107,The School Nurse Files
1108,The Second Husband
1109,The Secret House
1110,The Secret Life of My Secretary
1111,The Secret Lovers
1112,The Secret of Birth
1113,The Secret of My Love
1114,The Silent Sea
1115,The Smile Has Left Your Eyes
1116,The Sound of Magic
1117,The Sound of Your Heart
1118,The Spies Who Loved Me
1119,The Suspicious Housekeeper
1120,The Tale of Nokdu
1121,The Third Charm
1122,The Third Hospital
1123,The Three Musketeers
1124,The Time We Were Not in Love
1125,The Uncanny Counter
1126,The Undateables
1127,The Vampire Detective
1128,The Veil
1129,The Village: Achiara's Secret
1130,The Virtual Bride
1131,The Virus
1132,The Wedding Scheme
1133,The Wind Blows
1134,The Witch's Diner
1135,The World of the Married
1136,The Youngest Son of a Conglomerate
1137,Thirty-Nine
1138,This Is My Love
1139,Thousand Years of Love
1140,Three Color Fantasy
1141,Queen of the Ring
1142,Romance Full of Life
1143,The Universe's Star
1144,Three Days
1145,Three Friends
1146,Three Sisters
1147,Thrice Married Woman
1148,Through the Darkness
1149,Times
1150,To My Beloved
1151,To the Beautiful You
1152,Today's Webtoon
1153,"Toji, the Land"
1154,Tokyo Sun Shower
1155,Tomorrow
1156,Tomorrow Boy
1157,"Tomorrow, with You"
1158,Top Management
1159,Top Star U-back
1160,Touch
1161,Touch Your Heart
1162,Tracer
1163,Train
1164,Trap
1165,Triangle
1166,Trio
1167,Trolley
1168,True Beauty
1169,True Sword Battle
1170,Tunnel
1171,Twelve Nights
1172,Two Cops
1173,Two Mothers
1174,Two Weeks
1175,Two Wives
1176,Two Women's Room
1177,Ugly Alert
1178,Ugly Miss Young-ae
1179,Unasked Family
1180,Uncle
1181,Uncontrollably Fond
1182,Undercover
1183,Unkind Ladies
1184,Unknown Woman
1185,Unstoppable Marriage
1186,Until the Azalea Blooms
1187,Untouchable
1188,Vagabond
1189,Vampire Idol
1190,Vampire Prosecutor
1191,Vincenzo
1192,VIP
1193,Voice
1194,W
1195,Wang's Family
1196,Want a Taste?
1197,Wanted
1198,War of Money
1199,Warm and Cozy
1200,Warrior Baek Dong-soo
1201,Was It Love?
1202,Watcher
1203,We Are Dating Now
1204,We Broke Up
1205,Webtoon Hero Toondra Show
1206,Wedding
1207,Wednesday 3:30 PM
1208,Weightlifting Fairy Kim Bok-joo
1209,Welcome
1210,Welcome 2 Life
1211,Welcome Rain to My Life
1212,Welcome to Waikiki
1213,Welcome to Waikiki 2
1214,Welcome to Wedding Hell
1215,West Palace
1216,What Happens to My Family?
1217,What's for Dinner?
1218,What's Up
1219,What's Up Fox
1220,What's Wrong with Secretary Kim
1221,When a Man Falls in Love
1222,When I Was the Most Beautiful
1223,When My Love Blooms
1224,When the Camellia Blooms
1225,When the Devil Calls Your Name
1226,When the Weather Is Fine
1227,When Women Powder Twice
1228,Where Stars Land
1229,Where Your Eyes Linger
1230,Which Star Are You From
1231,While You Were Sleeping
1232,Whisper
1233,White Nights 3.98
1234,Who Are You?
1235,Why Her
1236,Wife Returns
1237,Wild Romance
1238,Witch at Court
1239,Witch's Love
1240,Wok of Love
1241,Woman of 9.9 Billion
1242,"Woman of Matchless Beauty, Park Jung-geum"
1243,Woman with a Suitcase
1244,Women in the Sun
1245,Wonderful Days
1246,Wonderful Mama
1247,Woori the Virgin
1248,"Work Later, Drink Now"
1249,Working Mom
1250,Working Mom Parenting Daddy
1251,Wuri's Family
1252,XX
1253,Yeon Gaesomun
1254,Yeonnam-dong 539
1255,YG Future Strategy Office
1256,Yong-pal
1257,You and I
1258,You Are a Gift
1259,You Are My Destiny
1260,You Are My Spring
1261,You Are the Best!
1262,You Are the Boss!
1263,You Are the Only One
1264,You Are Too Much
1265,You Don't Know Women
1266,You Drive Me Crazy
1267,You're All Surrounded
1268,You're Beautiful
1269,You're Only Mine
1270,Young Lady and Gentleman
1271,Your Honor
1272,Your House Helper
1273,Your Lady
1274,Your Neighbor's Wife
1275,Youth
1276,Youth of May
1277,Yumi's Cells
1278,Zombie Detective
