kdrama_name,Episodes,ID
100 Days My Prince,16,1
12 Signs of Love,16,2
12 Years Promise,26,3
18 Again,16,4
365: Repeat the Year,24,5
4 Legendary Witches,40,6
5th Republic,41,7
7 First Kisses,8,8
7th Grade Civil Servant,20,9
#Alive,8,10
A Beautiful Mind,14,11
A Bird That Doesn't Sing,100,12
A Daughter Just Like You,120,13
A Gentleman's Dignity,20,14
A Girl Who Sees Smells,16,15
A Happy Woman,58,16
A Hundred Year Legacy,50,17
A Korean Odyssey,20,18
A Little Love Never Hurts,50,19
A Love So Beautiful,24,20
A Model Family,10,21
A New Leaf,16,22
A Piece of Your Mind,12,23
A Place in the Sun,102,24
A Pledge to God,48,25
A Poem a Day,16,26
A Superior Day,8,27
A Tale of Two Sisters,135,28
A Thousand Days' Promise,20,29
A Thousand Kisses,50,30
A Time Called You,0,31
A Witch's Love,16,32
A-Teen 2,20,33
About Time,16,34
Abyss,16,35
Ad Genius Lee Tae-baek,16,36
Adamas,16,37
Adult Trainee,7,38
"Aeja's Older Sister, Minja",140,39
Aftermath,5,40
Again My Life,16,41
Age of Warriors,158,42
Air City,16,43
Alchemy of Souls,20,44
Alice,16,45
All About My Mom,54,46
All About My Romance,16,47
All In,24,48
All of Us Are Dead,12,49
Alone in Love,16,50
Amanza,9,51
Amor Fati,120,52
Andante,16,53
Ang Shim Jung,13,54
Angel Eyes,20,55
Angel's Choice,140,56
Angel's Last Mission: Love,32,57
Angel's Revenge,103,58
Angry Mom,16,59
Anna,6,60
Another Miss Oh,18,61
Another Peaceful Day of Second-Hand Items,6,62
Apgujeong Midnight Sun,149,63
April Kiss,24,64
Arang and the Magistrate,20,65
Are You Human?,36,66
Argon,8,67
Arthdal Chronicles,6,68
Artificial City,20,69
Ask the Stars,0,70
Asphalt Man,16,71
Assembly,20,72
At Eighteen,16,73
"At a Distance, Spring Is Green",12,74
Autumn Shower,16,75
Avengers Social Club,12,76
Awaken,16,77
Babel,16,78
Baby Faced Beauty,20,79
Babysitter,4,80
Bachelor's Vegetable Store,24,81
Backstreet Rookie,16,82
Bad and Crazy,12,83
Bad Guy,11,84
Bad Guys,11,85
Bad Guys 2,16,86
Bad Housewife,18,87
Bad Papa,32,88
"Bad Thief, Good Thief",50,89
"Bad Woman, Good Woman",140,90
Ballad of Seodong,55,91
Band of Sisters,68,92
Banjun Drama,1,93
Basketball,18,94
Be Melodramatic,16,95
Be My Dream Family,120,96
Be Positive,6,97
"Be Strong, Geum-soon!",163,98
Beating Again,16,99
Beating Heart,12,100
Beautiful Days,149,101
Beautiful Gong Shim,20,102
"Beautiful Love, Wonderful Life",100,103
Beautiful World,16,104
Because This Is My First Life,16,105
Becky's Back,4,106
Becoming Witch,12,107
Behind the White Tower,20,108
Bel Ami,16,109
Best Chicken,12,110
Beyond Evil,16,111
Beyond the Clouds,16,112
Big,16,113
Big Issue,32,114
Big Man,16,115
Big Mouth,16,116
"Billie Jean, Look at Me",26,117
Birdie Buddy,24,118
Birth of a Beauty,21,119
Birthcare Center,8,120
Bizarre Bunch,170,121
Black,18,122
Black Dog: Being A Teacher,16,123
Black Knight,6,124
Black Knight: The Man Who Guards Me,20,125
Blade Man,18,126
Blessing of the Sea,121,127
Blind,16,128
Blood,20,129
Blooded Palace: The War of Flowers,50,130
Bloody Heart,16,131
Bloody Romance,0,132
Blossom Sisters,50,133
Blow Breeze,53,134
Blue Birthday,16,135
Bodyguard,22,136
Born Again,32,137
Bossam: Steal the Fate,20,138
Boys Over Flowers,25,139
Brain,20,140
Bravo My Life,120,141
"Bravo, My Life",120,142
"Bravo, My Love!",57,143
Bridal Mask,28,144
Bride of the Century,16,145
Bride of the Sun,112,146
Brilliant Heritage,122,147
Brilliant Legacy,122,148
"Bring It On, Ghost",16,149
Bubble Gum,16,150
Bubbly Lovely,120,151
Bulgasal: Immortal Souls,16,152
Business Proposal,12,153
Café Minamdang,18,154
Call My Agent!,16,155
"Can We Fall in Love, Again?",20,156
Can We Get Married?,20,157
Can't Lose,18,158
Can't Stand Anymore,111,159
Capital Scandal,16,160
Casino,16,161
Catch the Ghost,16,162
Cheat on Me If You Can,16,163
Cheer Up,16,164
Cheer Up!,16,165
"Cheer Up, Mr. Kim!",124,166
Cheese in the Trap,16,167
Cheongdam-dong Alice,16,168
Cheongdam-dong Scandal,119,169
Cheo Yong,10,170
Chicago Typewriter,16,171
Chief of Staff,10,172
Children of a Lesser God,16,173
Children of Nobody,32,174
Children of the 20th Century,32,175
Chimera,16,176
Chip In,8,177
Choco Bank,6,178
Chocolate,16,179
Chunja's Special Day,111,180
Cinderella with Four Knights,16,181
Circle,12,182
City Hunter,20,183
City of the Sun,16,184
Class of Lies,16,185
Clean with Passion for Now,16,186
Cleaning Up,16,187
Coffee Prince,17,188
"Coffee, Do Me a Favor",12,189
Color Rush,8,190
Coma,5,191
Come and Hug Me,32,192
Come Back Mister,16,193
Confession,16,194
Connect,6,195
Conspiracy in the Court,8,196
"Cool Guys, Hot Ramen",16,197
Couple or Trouble,16,198
Crash Landing on You,16,199
Crazy Love,16,200
Criminal Minds,20,201
Cross,16,202
Cruel Love,16,203
Cunning Single Lady,16,204
Curtain Call,16,205
D.P.,6,206
Dae Jang Geum,16,207
Dae Jang Geum Is Watching,16,208
Dae Jo-yeong,134,209
Daemyeong,50,210
Dal-ja's Spring,22,211
Dali and Cocky Prince,16,212
Damo,14,213
Dangerous Woman,124,214
Daring Women,18,215
Dark Hole,12,216
Dating Agency: Cyrano,16,217
Dear Heaven,85,218
Dear My Friends,16,219
Dear X Who Doesn't Love Me,10,220
Dear. M,12,221
Deep Rooted Tree,24,222
Definitely Neighbors,65,223
Delayed Justice,20,224
Delicious Proposal,16,225
Delivery,8,226
Descendants of the Sun,16,227
Designated Survivor: 60 Days,16,228
Devilish Charm,16,229
Diary of a Night Watchman,24,230
Diary of a Prosecutor,16,231
Did We Really Love?,44,232
Different Dreams,40,233
Dinner Mate,32,234
Discovery of Love,16,235
Distorted,32,236
Divorce Lawyer in Love,18,237
Do Do Sol Sol La La Sol,16,238
Do You Like Brahms?,16,239
Doctor Detective,32,240
Doctor John,32,241
Doctor Lawyer,16,242
Doctor Prisoner,32,243
Doctor Stranger,20,244
Dokgo Rewind,20,245
Don't Cry My Love,132,246
Don't Dare to Dream,24,247
Don't Hesitate,98,248
Don't Look Back: The Legend of Orpheus,20,249
Doom at Your Service,16,250
White Christmas,8,251
Dream,20,252
Dream High,16,253
Dream High 2,16,254
Dream of the Emperor,70,255
Drinking Solo,16,256
Dr. Brain,6,257
Dr. Frost,10,258
Dr. Ian,9,259
Dr. Jin,22,260
Dr. Kkang,16,261
Dr. Park's Clinic,12,262
Dr. Romantic,20,263
Duel,16,264
Dummy Mommy,20,265
Eccentric! Chef Moon,16,266
"Eight Days, Assassination Attempts against King Jeongjo",10,267
Emergency Couple,21,268
Emperor of the Sea,51,269
Empire of Gold,24,270
Empress Ki,51,271
Empress Myeongseong,124,272
Enchanting Neighbor,120,273
Encounter,16,274
Endless Love,37,275
Summer Scent,20,276
Enemies from the Past,123,277
Entertainer,18,278
Entourage,16,279
Erexion,26,280
Eve,16,281
Evergreen,16,282
Everybody Say Kimchi,132,283
Exo Next Door,16,284
Extracurricular,10,285
Extraordinary Attorney Woo,16,286
Extraordinary You,32,287
Ex-Girlfriends' Club,12,288
Eyes of Dawn,36,289
Faith,24,290
Falling for Challenge,6,291
Familiar Wife,16,292
Family,120,293
Family Secret,103,294
Family's Honor,54,295
Fantastic,16,296
Fashion 70s,28,297
Fashion King,20,298
Fatal Promise,104,299
Fates & Furies,40,300
"Father, I'll Take Care of You",50,301
Father's House,2,302
Feast of the Gods,32,303
Feel Good to Die,32,304
Fight for My Way,16,305
Find Me in Your Memory,32,306
Fireworks,32,307
First Love,57,308
First Love Again,6,309
First Wives' Club,104,310
Five Enough,54,311
Five Fingers,30,312
Flower Band,16,313
Flower Crew: Joseon Marriage Agency,16,314
Flower Grandpa Investigation Unit,12,315
Flower of Evil,16,316
Flower of Queen,50,317
Flower of Revenge,120,318
Flowers of the Prison,51,319
Fly High Butterfly,16,320
Forecasting Love and Weather,16,321
Forest,32,322
Forever Young,36,323
Foundation of the Kingdom,49,324
Four Sisters,20,325
"Freedom Fighter, Lee Hoe-young",5,326
Freeze,16,327
"From Now On, Showtime!",16,328
Full House Take 2,32,329
Gangnam Beauty,16,330
Gangnam Scandal,123,331
Gap-dong,20,332
Get Revenge,16,333
Get Up,1,334
Ghost Doctor,16,335
Girls' Generation 1979,8,336
Glamorous Temptation,50,337
Glass Castle,51,338
Glass Mask,122,339
Glass Slippers,40,340
Glitch,10,341
Gloria,24,342
Glorious Day,44,343
Glory Jane,24,344
Go Back,4,345
God of War,56,346
Goddess of Fire,32,347
Goddess of Marriage,36,348
God's Gift: 14 Days,16,349
"Gogh, The Starry Night",20,350
Gold Mask,100,351
Golden Apple,30,352
Golden Bride,64,353
Golden Cross,20,354
Golden Fish,133,355
Golden Pouch,122,356
Golden Rainbow,41,357
Golden Spoon,16,358
Golden Time,23,359
Good Casting,16,360
Good Doctor,20,361
"Good Job, Good Job",40,362
Good Manager,20,363
Goodbye Dear Wife,20,364
Goodbye Mr. Black,20,365
Goodbye My Love,16,366
Goodbye Solo,16,367
Goodbye to Goodbye,40,368
Graceful Family,16,369
Graceful Friends,17,370
Gracious Revenge,103,371
Grand Prince,20,372
Green Mothers' Club,16,373
Grid,10,374
Gu Family Book,24,375
Guardian Angel,16,376
Guardian: The Lonely and Great God,16,377
Gunman in Joseon,22,378
"Gwanggaeto, The Great Conqueror",92,379
Gyebaek,36,380
Haechi,48,381
Happiness,12,382
Happy Ending,3,383
Happy Home,51,384
Happy Sisters,120,385
Happy Together,16,386
He Is Psychometric,16,387
Healer,20,388
Heard It Through the Grapevine,30,389
Heart Surgeons,32,390
Heart to Heart,16,391
Heartless City,20,392
Heartstrings,15,393
Hell Is Other People,10,394
Hellbound,6,395
Hello Franceska,12,396
Hello Monster,16,397
"Hello, Me!",16,398
"Hello, My Twenties!",12,399
Her Private Life,16,400
Here Comes Mr. Oh,129,401
Here's My Plan,4,402
Hero,9,403
"Hi Bye, Mama!",16,404
Hi! School: Love On,20,405
Hidden Identity,16,406
Hide and Seek,48,407
High Class,16,408
High End Crush,20,409
High Kick!,167,410
High Kick: Revenge of the Short Legged,123,411
High School King of Savvy,17,412
High Society,16,413
History of a Salaryman,12,414
Hit the Top,32,415
Hogu's Love,16,416
Hold Me Tight,32,417
Hold My Hand,130,418
Home for Summer,128,419
Homemade Love Story,100,420
Hometown,12,421
Hometown Cha-Cha-Cha,16,422
Hong Kong Express,16,423
Hospital Playlist,12,424
Hospital Ship,40,425
Hot Stove League,16,426
Hotel del Luna,16,427
Hotel King,32,428
Hotelier,20,429
House of Bluebird,50,430
How Are U Bread,5,431
How Long I've Kissed,16,432
How to Be Thirty,15,433
How to Buy a Friend,8,434
How to Meet a Perfect Neighbor,20,435
How Should I Be,41,436
Hur Jun,64,437
"Hur Jun, The Original Story",135,438
Hush,16,439
Hwarang: The Poet Warrior Youth,20,440
"Hyde Jekyll, Me",20,441
Hyena,16,442
I Can Hear Your Voice,18,443
"I Do, I Do",16,444
I Have a Lover,50,445
I Like You,156,446
I Love Lee Taly,16,447
I Need Romance,16,448
I Need Romance 2012,16,449
I Need Romance 3,16,450
I Order You,16,451
I Picked Up a Celebrity on the Street,10,452
I Wanna Hear Your Song,32,453
I'm After You,16,454
I'm Not a Robot,32,455
"I'm Sorry, But I Love You",16,456
"I'm Sorry, I Love You",16,457
Ice Adonis,108,458
Idol Drama Operation Team,8,459
Idol: The Coup,12,460
If Tomorrow Comes,51,461
If You Wish Upon Me,16,462
Iljimae,8,463
Imaginary Cat,8,464
Imitation,12,465
Immortal Admiral Yi Sun-sin,104,466
In-soon Is Pretty,16,467
Incarnation of Money,24,468
Innocent Defendant,18,469
Insider,16,470
Inspector Koo,12,471
Inspiring Generation,24,472
"Insu, the Queen Mother",60,473
Into the Flames,20,474
Introverted Boss,16,475
Ireland,16,476
Iris,20,477
Iris II: New Generation,20,478
Island,20,479
Itaewon Class,16,480
Item,32,481
It's Beautiful Now,50,482
It's My Life,124,483
It's Okay to Not Be Okay,16,484
"It's Okay, That's Love",16,485
Jang Bo-ri Is Here!,52,486
"Jang Ok-jung, Living by Love",52,487
Jeong Do-jeon,50,488
Ji Woon-soo's Stroke of Luck,20,489
Jinxed at First,16,490
Jirisan,16,491
Jolly Widows,155,492
Joseon Exorcist,2,493
Joseon Survival Period,16,494
JTBC Drama Festa,16,495
Judge vs. Judge,32,496
Jugglers,16,497
Jump,164,498
Jungle Fish,1,499
Just Dance,16,500
Justice,32,501
Juvenile Justice,10,502
Kairos,16,503
My Prettiest Moments,32,504
A Sea of Her Own,120,505
Dal Soon's Spring,129,506
Dear My Sister,130,507
Eunhui,140,508
In Still Green Days,129,509
Land of Gold,163,510
My Mind's Flower Rain,128,511
Samsaengi,120,512
Single-minded Dandelion,134,513
Sunok,150,514
That Sun in the Sky,121,515
The Stars Are Shining,128,516
Kill Heel,14,517
Kill It,12,518
"Kill Me, Heal Me",20,519
Kim Is a Genius,10,520
Kimchi Cheese Smile,121,521
Kimchi Family,24,522
King of Ambition,24,523
Kingdom,6,524
Kingmaker: The Change of Destiny,21,525
Kiss Sixth Sense,12,526
Kkondae Intern,24,527
Korean Peninsula,18,528
L.U.C.A.: The Beginning,12,529
Lady Cha Dal-rae's Lover,100,530
Land of Wine,16,531
Last,16,532
Late Night Restaurant,20,533
Law School,16,534
Lawless Lawyer,16,535
Lawyers,16,536
Left-Handed Wife,103,537
Legal High,16,538
Legend of Hyang Dan,2,539
Less Than Evil,32,540
Let Me Be Your Knight,12,541
Let Me Introduce Her,40,542
Let's Eat,16,543
Let's Eat 2,18,544
Let's Eat 3,14,545
Level Up,12,546
Leverage,16,547
Liar Game,12,548
Lie After Lie,16,549
Lie to Me,16,550
Life,16,551
Life Is Beautiful,16,552
Life on Mars,16,553
Lights and Shadows,64,554
Light on Me,16,555
Likeable or Not,172,556
"Link: Eat, Love, Kill",16,557
Listen to Love,12,558
Listen to My Heart,30,559
Little Women,12,560
Live,18,561
Live On,8,562
Live Up to Your Name,16,563
Liver or Die,40,564
Living Among the Rich,170,565
Living in Style,16,566
Lobbyist,24,567
Local Hero,16,568
Look Back in Anger,16,569
Loss Time Life,9,570
Lost,16,571
Love & Secret,10,572
Love (ft. Marriage and Divorce),16,573
Love Again,16,574
Love Alarm,8,575
Love Alert,16,576
Love All Play,16,577
Love and Obsession,150,578
Love Can't Wait,124,579
Love for a Thousand More,10,580
Love in 3 Colors,5,581
Love in Her Bag,20,582
Love in Sadness,40,583
Love in the Moonlight,18,584
Love Me When You Can,169,585
Love on a Rooftop,101,586
Love Playlist,8,587
Love Rain,20,588
Love Returns,120,589
Love Revolution,30,590
Love Scene Number,8,591
Love to Hate You,10,592
Love to the End,104,593
Love Twist,103,594
Love with Flaws,32,595
Loveholic,16,596
Lovely Horribly,32,597
Lovers,71,598
Lovers in Bloom,120,599
Lovers in Paris,20,600
Lovers in Prague,18,601
Lovers of Haeundae,16,602
Lovers of Music,16,603
Lovers of the Red Sky,16,604
Lovestruck in the City,17,605
Lucky Romance,16,606
Ma Boy,3,607
Mad Dog,16,608
Madame Antoine: The Love Therapist,16,609
Magic Cellphone,10,610
Magic Kid Masuri,496,611
Make a Woman Cry,40,612
Make Your Wish,122,613
Mama,24,614
Man from the Equator,20,615
Man in a Veil,105,616
Man in the Kitchen,50,617
Man to Man,16,618
Man Who Dies to Live,24,619
Manhole,16,620
Manny,16,621
Marriage Contract,16,622
"Marriage, Not Dating",16,623
Marry Him If You Dare,16,624
Marry Me Now,50,625
Marrying a Millionaire,16,626
Marrying My Daughter Twice,120,627
Mask,20,628
Master's Sun,17,629
Matrimonial Chaos,32,630
May Queen,38,631
"Me Too, Flower!",15,632
Medical Top Team,20,633
Melancholia,16,634
Melody of Love,151,635
Meloholic,10,636
Melting Me Softly,16,637
Memories of the Alhambra,16,638
Memorials,32,639
Memorist,16,640
Memory,16,641
Men Are Men,32,642
Mental Coach Je Gal-gil,16,643
Merry Mary,16,644
Military Prosecutor Doberman,16,645
Mimi,4,646
Mina,16,647
Mine,16,648
Misaeng: Incomplete Life,20,649
Miss Ajumma,103,650
Miss Korea,20,651
Miss Lee,16,652
Miss Mamma Mia,12,653
Miss Mermaid,256,654
Miss Monte-Cristo,100,655
Miss Panda and Mr. Hedgehog,16,656
Miss Ripley,16,657
Missing 9,16,658
Missing You,21,659
Missing: The Other Side,12,660
Mistress,12,661
Misty,16,662
Model,36,663
Modern Farmer,20,664
Mom Has an Affair,122,665
Mom's Dead Upset,66,666
Money Flower,24,667
Money Game,16,668
Money Heist: Korea – Joint Economic Area,6,669
Monstar,12,670
Monster,50,671
Monstrous,6,672
Monthly Magazine Home,16,673
Moon Embracing the Sun,20,674
Moon Lovers: Scarlet Heart Ryeo,20,675
Moonshine,16,676
Moorim School: Saga of the Brave,16,677
More Than a Maid,20,678
More Than Friends,16,679
Mother of Mine,108,680
Mother's Garden,126,681
Mouse,20,682
Move to Heaven,10,683
Moving,20,684
Mr. Back,16,685
Mr. Duke,16,686
Mr. Queen,20,687
Mr. Sunshine,24,688
Mrs. Cop,18,689
Mrs. Cop 2,20,690
Ms. Hammurabi,16,691
"Ms. Ma, Nemesis",32,692
Ms. Perfect,20,693
My Absolute Boyfriend,40,694
My Beautiful Bride,16,695
My Beloved Sister,55,696
"My Contracted Husband, Mr. Oh",24,697
My Country: The New Age,16,698
My Dangerous Wife,16,699
My Daughter the Flower,131,700
"My Daughter, Geum Sa-wol",51,701
My Dear Cat,119,702
My Fair Lady,16,703
My Father Is Strange,52,704
My Fellow Citizens!,36,705
My First First Love,8,706
My First Love,10,707
My First Time,5,708
My Golden Life,52,709
My Healing Love,80,710
My Heart Twinkle Twinkle,26,711
My Holo Love,12,712
My Horrible Boss,16,713
My Husband Got a Family,58,714
My Husband's Woman,24,715
My Kids Give Me a Headache,40,716
"My Lawyer, Mr. Jo",20,717
"My Lawyer, Mr. Jo 2: Crime and Punishment",40,718
My Liberation Notes,16,719
My Little Baby,16,720
My Love By My Side,50,721
My Love from the Star,21,722
My Love Patzzi,10,723
My Lovely Girl,16,724
My Mister,16,725
My Mother Is a Daughter-in-law,136,726
My Name,8,727
My Only Love Song,20,728
My Only One,106,729
My Roommate Is a Gumiho,16,730
My Rosy Life,24,731
My Runway,6,732
My Sassy Girl,32,733
My Secret Hotel,16,734
My Secret Romance,13,735
My Secret Terrius,32,736
My Spring Days,16,737
My Strange Hero,32,738
My Too Perfect Sons,54,739
My Unfamiliar Family,16,740
My Unfortunate Boyfriend,16,741
Mysterious Personal Shopper,103,742
Mystic Pop-up Bar,12,743
Naeil's Cantabile,16,744
Naked Fireman,4,745
Navillera,12,746
Never Twice,72,747
Nevertheless,10,748
New Heart,23,749
Nice Witch,40,750
Night Light,20,751
Nine,9,752
No Matter What,120,753
"No, Thank You",12,754
"Noble, My Love",20,755
Nobody Knows,16,756
Nokdu Flower,48,757
Nonstop,55,758
"Now, We Are Breaking Up",16,759
Oh Feel Young,16,760
Oh My Baby,16,761
Oh My Ghost,16,762
Oh My Ladylord,16,763
Oh My Venus,16,764
Oh! My Lady,16,765
"Oh, the Mysterious",40,766
Ohlala Couple,18,767
Ojakgyo Family,58,768
On Air,21,769
On the Verge of Insanity,16,770
On the Way to the Airport,16,771
Once Again,100,772
One Fine Day,2,773
One More Happy Ending,16,774
One More Time,8,775
One Ordinary Day,8,776
One Spring Night,32,777
One Sunny Day,10,778
One the Woman,16,779
One Thousand Won Lawyer,16,780
One Warm Word,20,781
One Well-Raised Daughter,122,782
Only Love,123,783
Only You,127,784
Operation Proposal,16,785
Orange Marmalade,12,786
Our Beloved Summer,16,787
Our Blues,20,788
Our Gap-soon,61,789
Over the Rainbow,16,790
Pachinko,8,791
Padam Padam,20,792
Papa,16,793
Partners for Justice,32,794
Passionate Love,47,795
Pegasus Market,12,796
Perfume,32,797
Persona,4,798
Phantom,20,799
Phoenix,26,800
Phoenix 2020,120,801
Piano,16,802
Pied Piper,16,803
Pink Lipstick,149,804
Pinocchio,20,805
Player,14,806
"Please Come Back, Soon-ae",16,807
Please Don't Date Him,10,808
Plus Nine Boys,14,809
Police University,16,810
"Poong, the Joseon Psychiatrist",12,811
Poseidon,16,812
Possessed,16,813
Potato Star 2013QR3,120,814
Pots of Gold,50,815
Precious Family,68,816
Pride and Prejudice,21,817
Priest,16,818
Prime Minister & I,17,819
Princess Aurora,150,820
Princess Hours,0,821
Prison Playbook,16,822
Private Lives,16,823
Protect the Boss,18,824
Psychopath Diary,16,825
Punch,19,826
Pure Love,125,827
Pure Pumpkin Flower,124,828
Que Sera Sera,0,829
Queen and I,16,830
Queen for Seven Days,20,831
Queen of Mystery,16,832
Queen of Mystery 2,16,833
Queen: Love and War,16,834
Quiz of God,12,835
Racket Boys,16,836
Radiant Office,16,837
Radio Romance,16,838
Rain or Shine,16,839
Record of Youth,16,840
Red Shoes,100,841
Reflection of You,16,842
Remarriage & Desires,8,843
Remember,14,844
Replay: The Moment,10,845
Reply Series,20,846
Reply 1988,20,847
Reply 1994,21,848
Reply 1997,16,849
Reset,10,850
Resurrection,24,851
Return,34,852
Reunited Worlds,40,853
Reverse,119,854
Revolutionary Love,16,855
Revolutionary Sisters,50,856
Rich Man,16,857
Righteous Love,20,858
Risky Romance,32,859
River Where the Moon Rises,20,860
Robber,16,861
Romance,16,862
Romance Is a Bonus Book,16,863
Romance Town,20,864
Rooftop Prince,20,865
Rookie Historian Goo Hae-ryung,40,866
Rookie Cops,16,867
Room No. 9,16,868
Rose Mansion,12,869
Rosy Lovers,52,870
Royal Secret Agent,16,871
Ruby Ring,93,872
Ruby Ruby Love,5,873
Rugal,16,874
Ruler of Your Own World,20,875
Run On,16,876
"Run, Jang-mi",123,877
Rustic Period,124,878
Sad Love Story,20,879
"Saimdang, Memoir of Colors",28,880
Salamander Guru and The Shadows,10,881
Salut D'Amour,23,882
Sandglass,24,883
Save Me,16,884
Save Me 2,16,885
Save the Family,123,886
Save the Last Dance for Me,20,887
Say It with Your Eyes,54,888
Scent of a Woman,16,889
School 2013,16,890
School 2017,16,891
School 2021,16,892
Who Are You: School 2015,16,893
Schoolgirl Detectives,14,894
Search,10,895
Search: WWW,16,896
Second 20s,16,897
Second to Last Love,20,898
Secret,18,899
Secret Affair,16,900
Secret Boutique,32,901
Secret Door,24,902
Secret Healer,20,903
Secret Love,10,904
Secret Mother,32,905
Secret Royal Inspector & Joy,16,906
Secrets and Lies,122,907
Secrets of Women,104,908
Sell Your Haunted House,16,909
Semantic Error,8,910
Seoul 1945,71,911
"Seoyoung, My Daughter",50,912
She Knows Everything,4,913
She Was Pretty,16,914
She Would Never Know,16,915
Shine or Go Crazy,24,916
Shining Romance,122,917
Shopping King Louie,16,918
Short,4,919
Should We Kiss First?,40,920
Show Window: The Queen's House,16,921
Sh**ting Stars,16,922
Signal,16,923
Sin Don,61,924
Single Dad in Love,16,925
Sisters of the Sea,155,926
Sisyphus: The Myth,16,927
Six Flying Dragons,50,928
Sketch,16,929
Sky Castle,20,930
Smile Again,16,931
"Smile, Mom",50,932
Snow Flower,16,933
Snowdrop,16,934
So I Married the Anti-fan,16,935
So Not Worth It,12,936
Solomon's Perjury,12,937
Somebody,8,938
Someday,16,939
Something About 1%,16,940
Something About 1 Percent,16,941
Something About Us,0,942
Something Happened in Bali,0,943
Something in the Rain,16,944
Songgot: The Piercer,12,945
Soul Mechanic,32,946
Soundtrack 1,4,947
Special Affairs Team TEN,9,948
Special Labor Inspector,32,949
Splendid Politics,50,950
Sponsor,12,951
Spotlight,16,952
Spring Day,20,953
Spring Turns to Spring,32,954
Spy,16,955
Spy Myung-wol,18,956
Squad 38,16,957
Squid Game,9,958
Stained Glass,18,959
Standby,113,960
Star in My Heart,16,961
Stars Falling from the Sky,16,962
Start-Up,16,963
Star's Echo,2,964
Star's Lover,21,965
Steal Heart,50,966
Still 17,32,967
Still You,124,968
Stranger,16,969
Strong Girl Bong-soon,16,970
Strongest Deliveryman,16,971
Suits,16,972
Sunlight Pours Down,16,973
Sunny Again Tomorrow,121,974
Super Daddy Yeol,16,975
Super Rookie,16,976
Surgeon Bong Dal-hee,18,977
Suspicious Partner,40,978
Sweden Laundry,16,979
Sweet Buns,26,980
Sweet Enemy,124,981
Sweet Home,10,982
"Sweet Home, Sweet Honey",129,983
Sweet Munchies,12,984
Sweet Revenge,22,985
Sweet Revenge 2,32,986
Sweet Spy,20,987
Sweet Stranger and Me,16,988
"Sweet, Savage Family",16,989
Switch,32,990
Syndrome,20,991
Taejo Wang Geon,200,992
"Take Care of Us, Captain",20,993
Tale of Fairy,16,994
Tale of the Nine Tailed,16,995
Tasty Life,39,996
Taxi Driver,16,997
Tazza,21,998
Team Bulldog: Off-Duty Investigation,12,999
Tears of Heaven,25,1000
Tears of the Dragon,159,1001
Tell Me What You Saw,16,1002
Temperature of Love,40,1003
Temptation,20,1004
Temptation of Wife,129,1005
Tempted,32,1006
Terroir,20,1007
Thank You,16,1008
"That Winter, the Wind Blows",16,1009
The Accidental Narco,6,1010
The All-Round Wife,122,1011
The Banker,32,1012
The Beauty Inside,16,1013
The Birth of a Family,115,1014
The Blade and Petal,20,1015
The Bride of Habaek,16,1016
The Chaser,16,1017
The Clinic for Married Couples: Love and War,479,1018
The Cursed,12,1019
The Crowned Clown,16,1020
The Dawn of the Empire,94,1021
The Devil,12,1022
The Devil Judge,16,1023
The Doctors,20,1024
The Eldest,54,1025
The Emperor: Owner of the Mask,40,1026
The Empire of Law,16,1027
The End of the World,12,1028
The Family is Coming,20,1029
The Fiery Priest,40,1030
The Forbidden Marriage,12,1031
The Fugitive of Joseon,20,1032
The Game: Towards Zero,32,1033
The Gentlemen of Wolgyesu Tailor Shop,54,1034
The Ghost Detective,32,1035
The Good Detective,16,1036
The Good Wife,16,1037
"The Great King, Sejong",86,1038
The Great Merchant,30,1039
The Great Seer,35,1040
The Great Shaman Ga Doo-shim,12,1041
The Great Show,16,1042
The Greatest Love,16,1043
The Greatest Marriage,16,1044
The Guardians,32,1045
The Guest,16,1046
The Heirs,20,1047
The Hymn of Death,6,1048
The Idle Mermaid,10,1049
The Idolmaster KR,24,1050
The Innocent Man,20,1051
The Jingbirok: A Memoir of Imjin War,50,1052
The K2,16,1053
The Killer's Shopping List,8,1054
The King 2 Hearts,20,1055
The King and I,63,1056
The King and the Queen,186,1057
The King in Love,40,1058
The King of Chudong Palace,27,1059
The King of Dramas,18,1060
The King of Pigs,12,1061
"The King of Tears, Lee Bang-won",32,1062
The King: Eternal Monarch,16,1063
The King's Affection,20,1064
"The King's Daughter, Soo Baek-hyang",108,1065
The King's Doctor,50,1066
The King's Face,23,1067
The Lady in Dignity,20,1068
The Last Empress,52,1069
The Last Match,16,1070
The Law Cafe,16,1071
The Legend of the Blue Sea,20,1072
The Liar and His Lover,16,1073
The Lies Within,16,1074
The Light in Your Eyes,12,1075
The Lover,12,1076
The Man in the Mask,16,1077
The Master of Revenge,20,1078
The Merchant,90,1079
The Merchant: Gaekju 2015,41,1080
The Miracle,12,1081
The Miracle We Met,18,1082
The Most Beautiful Goodbye,4,1083
The Musical,15,1084
The Mysterious Class,8,1085
The Noblesse,114,1086
The One and Only,16,1087
The Package,12,1088
The Penthouse: War in Life,21,1089
The Police Station Next to the Fire Station,12,1090
The Princess' Man,24,1091
The Producers,12,1092
The Promise,102,1093
The Queen of Office,16,1094
The Queen's Classroom,16,1095
The Rebel,30,1096
The Red Sleeve,17,1097
The Reputable Family,16,1098
The Return of Hwang Geum-bok,125,1099
The Rich Son,100,1100
The Road Home,120,1101
The Road: The Tragedy of One,12,1102
The Royal Gambler,24,1103
The Running Mates: Human Rights,14,1104
The Scandal,36,1105
The Scholar Who Walks the Night,20,1106
The School Nurse Files,6,1107
The Second Husband,150,1108
The Secret House,120,1109
The Secret Life of My Secretary,32,1110
The Secret Lovers,20,1111
The Secret of Birth,18,1112
The Secret of My Love,100,1113
The Silent Sea,8,1114
The Smile Has Left Your Eyes,16,1115
The Sound of Magic,6,1116
The Sound of Your Heart,20,1117
The Spies Who Loved Me,16,1118
The Suspicious Housekeeper,20,1119
The Tale of Nokdu,32,1120
The Third Charm,16,1121
The Third Hospital,20,1122
The Three Musketeers,12,1123
The Time We Were Not in Love,16,1124
The Uncanny Counter,16,1125
The Undateables,32,1126
The Vampire Detective,12,1127
The Veil,12,1128
The Village: Achiara's Secret,16,1129
The Virtual Bride,12,1130
The Virus,10,1131
The Wedding Scheme,16,1132
The Wind Blows,16,1133
The Witch's Diner,8,1134
The World of the Married,16,1135
The Youngest Son of a Conglomerate,16,1136
Thirty-Nine,12,1137
This Is My Love,16,1138
Thousand Years of Love,10,1139
Three Color Fantasy,21,1140
Queen of the Ring,21,1141
Romance Full of Life,21,1142
The Universe's Star,21,1143
Three Days,16,1144
Three Friends,58,1145
Three Sisters,123,1146
Thrice Married Woman,40,1147
Through the Darkness,12,1148
Times,12,1149
To My Beloved,16,1150
To the Beautiful You,16,1151
Today's Webtoon,16,1152
"Toji, the Land",52,1153
Tokyo Sun Shower,4,1154
Tomorrow,16,1155
Tomorrow Boy,5,1156
"Tomorrow, with You",16,1157
Top Management,16,1158
Top Star U-back,11,1159
Touch,16,1160
Touch Your Heart,16,1161
Tracer,8,1162
Train,12,1163
Trap,7,1164
Triangle,26,1165
Trio,17,1166
Trolley,16,1167
True Beauty,16,1168
True Sword Battle,12,1169
Tunnel,16,1170
Twelve Nights,12,1171
Two Cops,32,1172
Two Mothers,102,1173
Two Weeks,16,1174
Two Wives,120,1175
Two Women's Room,119,1176
Ugly Alert,133,1177
Ugly Miss Young-ae,20,1178
Unasked Family,123,1179
Uncle,16,1180
Uncontrollably Fond,20,1181
Undercover,16,1182
Unkind Ladies,24,1183
Unknown Woman,102,1184
Unstoppable Marriage,140,1185
Until the Azalea Blooms,8,1186
Untouchable,16,1187
Vagabond,16,1188
Vampire Idol,79,1189
Vampire Prosecutor,12,1190
Vincenzo,20,1191
VIP,32,1192
Voice,16,1193
W,16,1194
Wang's Family,50,1195
Want a Taste?,124,1196
Wanted,16,1197
War of Money,20,1198
Warm and Cozy,16,1199
Warrior Baek Dong-soo,29,1200
Was It Love?,16,1201
Watcher,16,1202
We Are Dating Now,16,1203
We Broke Up,10,1204
Webtoon Hero Toondra Show,12,1205
Wedding,18,1206
Wednesday 3:30 PM,15,1207
Weightlifting Fairy Kim Bok-joo,16,1208
Welcome,20,1209
Welcome 2 Life,32,1210
Welcome Rain to My Life,106,1211
Welcome to Waikiki,20,1212
Welcome to Waikiki 2,16,1213
Welcome to Wedding Hell,12,1214
West Palace,52,1215
What Happens to My Family?,53,1216
What's for Dinner?,106,1217
What's Up,20,1218
What's Up Fox,16,1219
What's Wrong with Secretary Kim,16,1220
When a Man Falls in Love,20,1221
When I Was the Most Beautiful,32,1222
When My Love Blooms,16,1223
When the Camellia Blooms,40,1224
When the Devil Calls Your Name,16,1225
When the Weather Is Fine,16,1226
When Women Powder Twice,65,1227
Where Stars Land,32,1228
Where Your Eyes Linger,8,1229
Which Star Are You From,16,1230
While You Were Sleeping,120,1231
Whisper,17,1232
White Nights 3.98,20,1233
Who Are You?,16,1234
Why Her,16,1235
Wife Returns,116,1236
Wild Romance,16,1237
Witch at Court,16,1238
Witch's Love,12,1239
Wok of Love,38,1240
Woman of 9.9 Billion,32,1241
"Woman of Matchless Beauty, Park Jung-geum",52,1242
Woman with a Suitcase,16,1243
Women in the Sun,20,1244
Wonderful Days,50,1245
Wonderful Mama,48,1246
Woori the Virgin,14,1247
"Work Later, Drink Now",12,1248
Working Mom,16,1249
Working Mom Parenting Daddy,120,1250
Wuri's Family,20,1251
XX,10,1252
Yeon Gaesomun,100,1253
Yeonnam-dong 539,12,1254
YG Future Strategy Office,8,1255
Yong-pal,18,1256
You and I,58,1257
You Are a Gift,111,1258
You Are My Destiny,20,1259
You Are My Spring,16,1260
You Are the Best!,50,1261
You Are the Boss!,108,1262
You Are the Only One,120,1263
You Are Too Much,50,1264
You Don't Know Women,109,1265
You Drive Me Crazy,13,1266
You're All Surrounded,20,1267
You're Beautiful,16,1268
You're Only Mine,121,1269
Young Lady and Gentleman,52,1270
Your Honor,32,1271
Your House Helper,32,1272
Your Lady,120,1273
Your Neighbor's Wife,22,1274
Youth,0,1275
Youth of May,12,1276
Yumi's Cells,14,1277
Zombie Detective,24,1278
